Gender,Height,Weight,BMI
Male,170.3,55.3,19.06
Female,152.9,61.0,26.12
Female,147.0,38.0,17.61
Male,185.9,85.7,24.79
Male,162.0,56.3,21.47
Female,172.6,62.0,20.83
Male,183.9,61.0,18.05
Female,157.4,50.3,20.3
Male,162.8,44.0,16.62
Male,168.4,69.3,24.44
Female,157.9,64.2,25.77
Female,152.9,41.2,17.64
Female,174.3,69.3,22.81
Female,172.5,59.4,19.98
Female,168.0,56.1,19.9
Female,153.6,54.4,23.07
Female,166.0,59.1,21.44
Male,170.1,77.0,26.61
Female,163.1,52.9,19.9
Male,169.3,70.4,24.55
Female,164.4,58.8,21.74
Male,172.6,71.7,24.07
Male,167.1,56.8,20.35
Female,162.4,55.8,21.14
Female,147.5,41.8,19.23
Female,160.6,47.8,18.55
Male,173.5,71.4,23.73
Female,151.0,51.1,22.42
Female,171.8,69.3,23.5
Male,165.9,71.6,26.02
Male,173.2,77.5,25.83
Male,170.3,60.3,20.78
Male,185.7,80.1,23.23
Female,160.1,49.1,19.15
Female,161.4,55.5,21.29
Male,165.7,54.3,19.78
Female,162.8,69.5,26.21
Female,160.4,57.3,22.26
Male,172.8,63.8,21.36
Female,159.6,63.2,24.81
Male,158.8,35.5,14.1
Female,172.6,49.2,16.52
Female,166.3,66.0,23.88
Male,163.2,57.4,21.54
Male,167.7,62.9,22.38
Female,160.3,43.7,16.99
Male,171.4,64.0,21.81
Female,152.4,63.2,27.21
Female,158.9,59.6,23.61
Female,154.8,50.7,21.15
Female,151.2,42.6,18.63
Male,181.3,70.0,21.3
Male,153.0,35.0,14.94
Male,169.3,64.5,22.48
Male,172.2,71.8,24.2
Male,173.1,53.2,17.75
Female,167.4,55.4,19.76
Male,158.7,43.6,17.3
Female,160.3,46.5,18.11
Female,154.1,49.1,20.68
Female,152.4,35.0,15.07
Female,162.4,61.1,23.16
Male,168.7,67.9,23.84
Female,169.0,60.1,21.04
Male,163.6,37.4,13.98
Male,168.7,53.8,18.92
Female,151.3,56.0,24.48
Male,175.1,45.3,14.79
Male,183.1,72.0,21.48
Male,179.2,61.9,19.26
Female,156.0,56.8,23.35
Male,183.2,69.5,20.7
Male,174.1,69.9,23.07
Male,176.8,73.6,23.56
Female,162.2,70.7,26.86
Male,171.5,62.7,21.32
Male,166.1,62.5,22.65
Male,177.9,58.3,18.4
Female,152.0,56.3,24.38
Female,156.6,44.9,18.3
Female,170.1,58.6,20.25
Male,179.2,71.1,22.14
Male,176.3,56.1,18.07
Female,147.0,44.1,20.42
Female,160.2,61.9,24.13
Female,160.2,56.5,22.03
Male,170.5,50.8,17.46
Male,162.8,55.5,20.95
Female,141.3,43.1,21.59
Female,162.8,41.5,15.65
Male,175.5,59.3,19.27
Female,152.1,53.9,23.3
Female,157.3,53.8,21.72
Male,171.2,67.4,22.99
Female,153.7,63.2,26.76
Male,166.3,63.4,22.93
Male,173.2,71.1,23.72
Female,172.9,87.3,29.2
Female,157.6,50.2,20.19
Male,155.0,43.1,17.94
Female,160.2,57.6,22.45
Male,171.5,67.9,23.07
Female,159.3,49.2,19.38
Male,182.3,65.8,19.8
Female,162.6,74.8,28.3
Female,182.3,76.6,23.07
Female,166.0,53.5,19.43
Female,155.0,56.9,23.66
Male,181.3,72.3,22.0
Female,157.5,49.7,20.04
Male,176.9,73.7,23.55
Female,166.4,49.4,17.85
Female,160.2,57.0,22.21
Male,178.5,85.9,26.98
Female,160.1,57.8,22.56
Female,162.4,53.1,20.15
Male,172.9,61.5,20.59
Male,165.0,55.2,20.28
Male,170.0,60.9,21.09
Male,169.9,59.9,20.75
Male,173.7,73.6,24.41
Female,159.6,39.8,15.61
Female,160.6,61.4,23.82
Male,170.1,60.1,20.76
Female,165.8,62.3,22.64
Female,150.6,36.5,16.1
Male,165.2,69.3,25.4
Female,155.9,60.3,24.8
Female,159.7,61.4,24.08
Female,162.0,43.6,16.64
Female,152.9,54.3,23.21
Female,165.1,61.8,22.68
Male,176.9,56.4,18.01
Female,146.8,41.9,19.45
Female,146.3,44.6,20.83
Male,169.6,67.1,23.32
Female,158.5,54.0,21.52
Male,182.2,76.3,22.99
Male,167.8,72.8,25.86
Male,171.8,74.4,25.22
Female,166.6,37.0,13.34
Male,159.8,51.3,20.08
Male,162.2,54.7,20.78
Male,159.8,39.8,15.59
Female,162.0,56.6,21.55
Female,168.7,71.8,25.24
Male,174.7,58.5,19.18
Male,172.9,68.3,22.85
Female,148.1,35.9,16.39
Male,154.8,44.0,18.34
Female,156.1,62.3,25.57
Male,167.7,56.6,20.12
Female,160.3,57.9,22.56
Male,175.9,53.4,17.24
Male,172.0,79.7,26.94
Female,155.3,54.6,22.63
Male,172.6,63.9,21.44
Female,163.4,61.6,23.09
Female,149.3,35.0,15.71
Female,162.7,65.9,24.89
Female,160.7,52.1,20.15
Female,159.0,51.4,20.35
Male,168.2,57.5,20.31
Male,174.6,62.5,20.5
Male,169.1,67.8,23.69
Female,158.4,54.6,21.77
Male,176.8,74.3,23.78
Male,157.0,51.3,20.79
Male,161.9,59.8,22.82
Male,160.6,51.2,19.85
Male,154.7,67.0,28.02
Male,166.3,47.1,17.03
Female,155.6,60.2,24.84
Female,166.9,71.2,25.54
Female,168.1,54.5,19.28
Male,178.6,88.6,27.77
Female,163.7,65.3,24.37
Male,170.5,71.2,24.5
Female,146.8,42.4,19.65
Female,157.8,50.3,20.19
Female,153.9,46.9,19.78
Male,166.8,63.3,22.73
Male,160.6,65.8,25.49
Female,158.8,54.4,21.56
Male,168.5,54.4,19.14
Male,176.6,75.6,24.22
Male,183.0,82.1,24.51
Male,161.3,60.4,23.22
Male,173.7,72.3,23.96
Male,163.7,55.2,20.59
Female,163.1,49.4,18.56
Female,168.2,54.4,19.24
Female,171.5,51.3,17.43
Male,177.5,71.6,22.74
Female,164.1,57.0,21.18
Male,167.3,57.0,20.38
Male,163.5,35.0,13.09
Male,166.4,49.8,17.98
Male,174.0,75.6,24.96
Female,161.5,50.0,19.18
Male,173.3,68.9,22.93
Female,163.4,46.0,17.21
Male,180.2,83.7,25.77
Female,162.0,54.7,20.83
Male,160.7,56.9,22.05
Male,178.5,89.2,28.01
Female,140.0,48.1,24.56
Female,162.7,54.0,20.39
Male,173.7,61.6,20.41
Female,147.9,40.5,18.52
Male,173.4,70.2,23.33
Female,163.3,56.2,21.05
Female,151.9,43.5,18.87
Male,171.5,76.1,25.87
Female,169.6,61.7,21.46
Male,178.5,89.1,27.95
Male,165.1,59.3,21.76
Male,173.3,80.3,26.72
Male,170.8,66.6,22.82
Female,171.3,71.9,24.49
Male,165.2,52.9,19.37
Male,159.9,47.1,18.41
Female,159.2,57.0,22.48
Male,163.2,64.8,24.32
Female,150.4,45.7,20.2
Male,168.9,51.8,18.13
Female,154.8,38.4,16.04
Female,166.5,48.4,17.47
Female,160.2,40.1,15.61
Male,173.4,67.0,22.26
Male,168.2,70.3,24.88
Female,161.6,55.3,21.19
Male,172.3,47.0,15.83
Female,153.0,46.2,19.73
Male,168.6,60.5,21.26
Female,167.7,77.7,27.63
Female,157.1,39.7,16.1
Male,171.0,60.8,20.79
Male,189.2,93.9,26.24
Female,163.2,60.5,22.71
Male,181.0,77.4,23.63
Female,161.6,56.4,21.58
Male,175.1,70.2,22.9
Female,162.6,62.6,23.66
Female,164.4,51.5,19.05
Male,165.5,66.0,24.09
Female,162.3,45.1,17.12
Male,165.0,61.2,22.45
Female,156.6,52.4,21.36
Male,178.6,65.8,20.63
Male,173.6,66.0,21.92
Male,169.0,57.1,20.0
Male,174.2,58.2,19.18
Male,168.8,59.1,20.74
Female,162.5,47.4,17.95
Male,158.2,54.9,21.96
Female,160.8,45.6,17.61
Male,157.1,57.1,23.13
Male,160.5,45.0,17.47
Female,159.6,49.1,19.28
Female,154.9,44.4,18.51
Male,166.0,70.0,25.4
Male,160.5,57.1,22.16
Female,160.0,52.3,20.43
Female,162.4,60.1,22.81
Female,164.7,41.4,15.25
Male,174.0,66.3,21.89
Male,167.1,76.4,27.35
Female,162.7,57.4,21.71
Female,151.4,46.8,20.41
Male,168.9,66.4,23.28
Male,171.7,71.7,24.32
Male,170.4,47.4,16.32
Female,152.7,35.0,15.01
Male,173.4,67.8,22.53
Male,175.7,62.4,20.22
Male,166.2,70.1,25.37
Female,157.6,49.4,19.86
Male,182.4,58.7,17.64
Male,164.2,47.6,17.67
Male,164.8,36.3,13.37
Male,180.4,70.4,21.66
Female,164.3,56.4,20.88
Male,180.8,69.3,21.21
Male,167.9,69.7,24.74
Female,144.7,49.9,23.8
Male,171.9,63.4,21.44
Female,160.0,36.9,14.42
Female,167.3,65.5,23.41
Male,168.5,66.1,23.28
Female,161.4,57.8,22.16
Male,167.9,68.9,24.46
Female,163.4,47.7,17.88
Male,160.0,70.1,27.37
Female,160.0,46.3,18.09
Female,166.9,66.2,23.77
Female,156.1,37.0,15.18
Male,154.2,41.4,17.39
Male,165.5,71.1,25.95
Male,159.2,51.2,20.2
Male,165.2,65.4,23.96
Female,164.9,60.3,22.18
Male,169.7,61.9,21.49
Female,154.7,60.1,25.13
Female,154.0,46.7,19.69
Male,172.4,50.9,17.13
Male,163.9,51.1,19.02
Female,153.3,52.4,22.29
Male,175.6,71.2,23.09
Male,173.7,53.8,17.83
Female,158.6,46.9,18.66
Female,160.8,50.0,19.36
Male,185.2,73.8,21.51
Male,170.4,52.3,18.03
Male,168.9,56.9,19.97
Female,161.0,49.1,18.94
Female,162.9,62.8,23.66
Female,160.8,61.2,23.67
Female,163.1,55.6,20.91
Female,158.9,49.9,19.76
Male,173.3,67.1,22.34
Male,171.4,57.7,19.65
Female,167.9,52.0,18.43
Female,155.5,42.4,17.55
Female,159.6,48.5,19.06
Male,169.9,53.6,18.57
Male,166.4,61.1,22.05
Male,174.8,73.2,23.94
Male,172.3,52.4,17.64
Female,158.6,53.0,21.05
Female,152.2,45.2,19.52
Male,172.8,68.3,22.86
Male,164.7,58.1,21.43
Female,153.6,36.6,15.52
Male,160.8,44.6,17.26
Female,169.2,62.5,21.84
Female,179.7,79.9,24.76
Male,169.2,44.6,15.57
Male,173.5,69.0,22.9
Female,161.7,65.1,24.88
Female,158.9,51.8,20.51
Male,168.9,66.5,23.28
Female,160.4,48.8,18.95
Female,160.8,53.7,20.79
Female,157.1,38.5,15.58
Male,162.8,37.7,14.24
Female,149.2,51.8,23.28
Female,164.6,50.2,18.55
Male,182.3,70.4,21.19
Male,162.4,45.1,17.09
Female,160.1,42.8,16.7
Male,183.7,74.0,21.91
Male,159.4,47.7,18.75
Male,162.0,58.9,22.42
Female,168.6,65.3,22.99
Female,171.1,66.5,22.73
Male,176.7,70.9,22.72
Female,166.8,72.8,26.15
Male,158.6,44.2,17.57
Female,167.9,60.7,21.52
Female,164.3,66.9,24.79
Female,164.2,67.9,25.18
Male,166.6,48.6,17.5
Female,152.3,44.6,19.22
Male,174.8,78.2,25.59
Female,150.5,49.5,21.86
Male,174.1,68.3,22.52
Male,159.2,51.5,20.34
Male,174.8,64.2,21.03
Female,170.4,65.7,22.62
Male,172.6,63.4,21.26
Female,151.9,46.4,20.1
Male,174.1,67.3,22.21
Male,165.4,53.4,19.53
Female,160.6,58.8,22.79
Male,176.0,91.7,29.61
Female,157.5,37.5,15.13
Female,162.5,58.8,22.28
Male,181.2,67.0,20.4
Male,167.9,65.7,23.32
Male,171.2,64.5,21.99
Female,154.8,55.4,23.12
Female,158.3,61.9,24.69
Male,174.3,68.4,22.52
Male,167.3,69.6,24.88
Male,168.1,42.6,15.06
Male,180.5,85.2,26.14
Female,158.3,55.5,22.14
Female,145.3,49.4,23.4
Male,182.3,64.3,19.35
Female,158.2,45.7,18.27
Male,168.2,62.5,22.11
Male,157.4,51.6,20.8
Female,158.8,55.2,21.89
Female,169.0,70.8,24.78
Female,160.4,40.3,15.64
Male,163.2,64.7,24.28
Male,175.1,67.6,22.06
Male,174.7,65.6,21.49
Male,160.5,42.7,16.57
Female,143.8,43.4,21.0
Female,146.0,35.0,16.42
Male,172.2,70.2,23.66
Female,160.1,42.2,16.45
Male,170.0,63.4,21.95
Female,163.3,56.0,21.01
Male,158.9,62.4,24.7
Male,172.2,63.5,21.43
Female,167.2,54.9,19.65
Male,183.9,71.5,21.13
Male,169.8,73.0,25.32
Male,182.7,78.7,23.58
Male,163.3,53.9,20.2
Male,175.1,65.7,21.43
Male,173.2,53.4,17.79
Female,160.0,57.1,22.31
Female,170.3,49.2,16.96
Male,179.5,77.6,24.07
Male,168.7,62.9,22.09
Female,151.7,65.6,28.52
Female,157.5,42.9,17.31
Female,158.2,51.6,20.6
Female,149.4,58.9,26.37
Female,153.1,57.3,24.46
Male,159.1,47.6,18.81
Male,159.7,55.5,21.77
Female,172.6,65.4,21.94
Female,157.1,53.7,21.74
Male,153.0,42.2,18.0
Female,152.0,46.0,19.94
Male,172.9,52.8,17.67
Female,159.2,54.3,21.45
Female,153.0,51.3,21.92
Male,176.9,67.3,21.53
Male,173.4,53.2,17.68
Male,187.7,86.8,24.65
Female,161.0,57.9,22.31
Female,162.6,50.5,19.11
Male,169.8,60.6,21.01
Male,176.7,57.0,18.27
Female,166.0,51.2,18.58
Male,179.8,67.5,20.88
Male,167.4,70.4,25.15
Male,168.0,56.0,19.87
Female,150.4,50.5,22.31
Female,157.8,47.7,19.16
Male,181.5,75.3,22.87
Female,164.3,56.7,21.02
Female,159.0,60.1,23.77
Male,173.2,61.6,20.53
Female,167.1,47.8,17.12
Female,158.2,41.3,16.51
Male,155.2,45.5,18.86
Male,165.2,48.7,17.84
Female,173.7,69.6,23.07
Female,151.4,42.5,18.56
Male,164.3,76.8,28.48
Female,170.4,49.5,17.03
Female,152.6,49.0,21.03
Male,178.8,61.9,19.36
Female,156.6,47.0,19.16
Male,163.8,58.5,21.82
Female,159.3,35.0,13.8
Male,178.3,72.4,22.76
Male,164.2,73.0,27.08
Female,155.0,45.9,19.1
Male,174.9,69.5,22.72
Female,176.0,76.6,24.73
Male,175.5,66.7,21.64
Female,166.2,54.9,19.89
Female,156.6,35.0,14.28
Female,158.7,58.0,23.01
Male,170.9,62.9,21.54
Male,169.5,54.5,18.95
Female,150.4,46.3,20.49
Female,147.3,37.9,17.47
Female,144.3,35.6,17.11
Male,168.5,66.5,23.42
Female,169.3,51.6,18.02
Male,170.3,71.7,24.71
Male,178.9,59.8,18.69
Female,162.9,51.3,19.33
Male,160.5,69.9,27.11
Female,153.7,57.3,24.28
Male,181.2,73.9,22.5
Male,173.0,58.2,19.44
Male,176.4,64.5,20.73
Female,163.9,58.1,21.63
Female,164.0,57.9,21.52
Female,156.2,49.8,20.43
Female,152.1,46.7,20.17
Female,151.7,44.8,19.48
Female,160.6,43.0,16.67
Female,162.3,51.9,19.72
Male,172.1,72.2,24.38
Male,176.4,57.9,18.58
Male,176.6,67.5,21.62
Male,159.7,47.1,18.49
Female,170.9,64.7,22.15
Male,178.0,67.1,21.18
